KitapAdı,Yazar,Yayıncı,KaçKişiOylamış,fiyat
İyileşen Evliliğim, Hatice Kübra Tongar,HAYY KİTAP,22 oylama yapılmış.," 32,00"
Var Mısın? & Güçlü Bir Yaşam İçin Öneriler, Doğan Cüceloğlu,KRONİK KİTAP,1045 oylama yapılmış.," 15,68"
Momo, Michael Ende,PEGASUS YAYINLARI,9736 oylama yapılmış.," 35,00"
Fareler ve İnsanlar, John Steinbeck,SEL YAYINCILIK,9135 oylama yapılmış.," 16,45"
Körlük, Jose Saramago,KIRMIZI KEDİ YAYINEVİ,9506 oylama yapılmış.," 35,00"
Pekicik, Şermin Yaşar,DOĞAN EGMONT ÇOCUK KİTAPLARI,Yeterince oylama yapılmamıştır.," 15,75"
Benim Zürafam Uçabilir, Mert Arık,TİMAŞ ÇOCUK YAYINLARI,119 oylama yapılmış.," 20,00"
Hayvan Çiftliği (Ciltsiz), George Orwell,CAN YAYINLARI,18438 oylama yapılmış.," 9,80"
Dune, Frank Herbert,İTHAKİ YAYINLARI,440 oylama yapılmış.," 39,00"
Dahacık, Şermin Yaşar,DOĞAN EGMONT ÇOCUK KİTAPLARI,5 oylama yapılmış.," 18,72"
"Tüfek, Mikrop ve Çelik  (Karton Kapak) ", Jared Diamond,PEGASUS YAYINLARI,3138 oylama yapılmış.," 24,00"
Serenad (Karton Kapak), Zülfü Livaneli,DOĞAN KİTAP,5460 oylama yapılmış.," 11,76"
Kayıp Tanrılar Ülkesi, Ahmet Ümit,YAPI KREDİ YAYINLARI,464 oylama yapılmış.," 17,50"
Hıhıcık, Şermin Yaşar,DOĞAN EGMONT ÇOCUK KİTAPLARI,Yeterince oylama yapılmamıştır.," 11,40"
Şeker Portakalı (Ciltsiz), Jose Mauro De Vasconcelos,CAN YAYINLARI,21209 oylama yapılmış.," 11,00"
İyileşen Çocukluğum İyileşen Anneliğim, Hatice Kübra Tongar,HAYY KİTAP,306 oylama yapılmış.," 5,40"
Yüzyıllık Yalnızlık (Ciltsiz), Gabriel Garcia Marquez,CAN YAYINLARI,5604 oylama yapılmış.," 65,00"
Saatleri Ayarlama Enstitüsü, Ahmet Hamdi Tanpınar,DERGAH YAYINLARI,5429 oylama yapılmış.," 31,08"
Bir Ömür Nasıl Yaşanır? & Hayatta Doğru Seçimler İçin Öneriler,Prof. Dr. İlber Ortaylı,KRONİK KİTAP,7660 oylama yapılmış.," 24,00"
"Ben, Kirke", Madeline Miller,İTHAKİ YAYINLARI,1304 oylama yapılmış.," 11,76"
Uğultulu Tepeler, Emily Bronte,CAN YAYINLARI,1165 oylama yapılmış.," 23,00"
Zamir, Hakan Günday,DOĞAN KİTAP,23 oylama yapılmış.," 11,01"
Okçu'nun Yolu, Paulo Coelho,CAN YAYINLARI,50 oylama yapılmış.," 49,00"
Huzursuzluk, Zülfü Livaneli,DOĞAN KİTAP,7495 oylama yapılmış.," 24,31"
Simyacı (Ciltsiz), Paulo Coelho,CAN YAYINLARI,15453 oylama yapılmış.," 26,50"
Kürk Mantolu Madonna, Sabahattin Ali,YAPI KREDİ YAYINLARI,23326 oylama yapılmış.," 11,79"
Siddhartha (Ciltsiz), Hermann Hesse,CAN YAYINLARI,2929 oylama yapılmış.," 24,00"
Aşk ve Öbür Cinler, Gabriel Garcia Marquez,CAN YAYINLARI,347 oylama yapılmış.," 11,91"
Kırmızı Pazartesi, Gabriel Garcia Marquez,CAN YAYINLARI,9563 oylama yapılmış.," 30,00"
Gece Yarısı Kütüphanesi, Matt Haig,DOMİNGO YAYINEVİ,88 oylama yapılmış.," 14,72"
Dune Mesihi, Frank Herbert,İTHAKİ YAYINLARI,195 oylama yapılmış.," 7,50"
Cesur Yeni Dünya, Aldous Huxley,İTHAKİ YAYINLARI,6388 oylama yapılmış.," 3,65"
İçimizdeki Şeytan, Sabahattin Ali,YAPI KREDİ YAYINLARI,11566 oylama yapılmış.," 25,00"
Efsun, Selahattin Demirtaş,DİPNOT YAYINLARI,30 oylama yapılmış.," 12,38"
Kardeşimin Hikayesi (Karton Kapak), Zülfü Livaneli,DOĞAN KİTAP,5158 oylama yapılmış.," 26,50"
Pal Sokağı Çocukları, Ferenc Molnar,YAPI KREDİ YAYINLARI,2890 oylama yapılmış.," 13,00"
Çavdar Tarlasında Çocuklar, J. D. Salinger,YAPI KREDİ YAYINLARI,5476 oylama yapılmış.," 21,00"
Hayat Kaybettiğin Yerden Başlar, Miraç Çağrı Aktaş,İNDİGO KİTAP,64 oylama yapılmış.," 10,08"
Son Ada, Zülfü Livaneli,DOĞAN KİTAP,3035 oylama yapılmış.," 42,00"
Kuyucaklı Yusuf, Sabahattin Ali,YAPI KREDİ YAYINLARI,10096 oylama yapılmış.," 20,36"
Fahrenheit 451, Ray Bradbury,İTHAKİ YAYINLARI,10245 oylama yapılmış.," 35,00"
1984, George Orwell,CAN YAYINLARI,18004 oylama yapılmış.," 17,17"
Sineklerin Tanrısı (Karton Kapak), William Golding,TÜRKİYE İŞ BANKASI KÜLTÜR YAYINLARI,8861 oylama yapılmış.," 21,00"
Dura Mater, Serkan Karaismailoğlu,ELMA YAYINEVİ,152 oylama yapılmış.," 10,30"
Dune Çocukları, Frank Herbert,İTHAKİ YAYINLARI,184 oylama yapılmış.," 20,00"
İnce Memed 1, Yaşar Kemal,YAPI KREDİ YAYINLARI,3558 oylama yapılmış.," 9,34"
Bilinmeyen Bir Kadının Mektubu (Karton Kapak), Stefan Zweig,TÜRKİYE İŞ BANKASI KÜLTÜR YAYINLARI,14114 oylama yapılmış.," 65,00"
Gerçek Tıp & Yitik Şifanın İzinde, Aidin Salih,YİTİK ŞİFA,2168 oylama yapılmış.," 32,46"
30 Günde 10 Yıl,Prof. Dr. Yavuz Yörükoğlu,HAYY KİTAP,236 oylama yapılmış.," 58,00"
Veronika Ölmek İstiyor, Paulo Coelho,CAN YAYINLARI,3416 oylama yapılmış.," 28,99"
Aile İçinde, Hayati İnanç,PROFİL KİTAP,Yeterince oylama yapılmamıştır.," 38,00"
Tutunamayanlar / Bütün Eserleri 1, Bekir Develi,İLETİŞİM YAYINLARI,5422 oylama yapılmış.," 18,99"
Arachnoid Mater, Oğuz Atay,ELMA YAYINEVİ,602 oylama yapılmış.," 6,00"
Balıkçı ve Oğlu, Serkan Karaismailoğlu,İNKILAP KİTABEVİ,311 oylama yapılmış.," 3,00"
Yaşamak, Zülfü Livaneli,JAGUAR KİTAP,1238 oylama yapılmış.," 60,00"
Haritada Kaybolmak, Yu Hua ,GÜNIŞIĞI KİTAPLIĞI,979 oylama yapılmış.," 29,99"
Bağırmayan Anneler, Vladimir Tumanov,HAYY KİTAP,2997 oylama yapılmış.," 28,00"
Güneşi Uyandıralım, Hatice Kübra Tongar,CAN YAYINLARI,4167 oylama yapılmış.," 13,11"
Kitaplardan Korkan Çocuk, Jose Mauro De Vasconcelos,CAN ÇOCUK YAYINLARI,1671 oylama yapılmış.," 33,00"
Geç Kalan, Susanna Tamaro,DOĞAN KİTAP,23 oylama yapılmış.," 16,50"
